round,slice,frame,object_ref,cell,what,why,severity,owner,rule_id,evidence,action,rules_version,note
calib,C0,adasind_019560.jpg,L1+R1,LRM,BOX_GEOMETRY,E1_annotator_error,P2,annotator,R02,Box Car lech 8px so voi reference goc tren trai,rework,v1.0.0,
calib,C0,adasind_019560.jpg,R2,RM_noL,MISSING,E1_annotator_error,P1,annotator,R01,Pedestrian H=52px khong duoc ve trong ban calib,rework,v1.0.0,
calib,C0,adasind_019560.jpg,L3,L_only,SPURIOUS,E2_guideline_gap,P2,guideline,R04,Box ThreeWheeler nhung reference phan loai la Bike,escalate,v1.0.0,
r1_craft,B4-edge,adasind_236370.jpg,L1+R1+M1,LRM,BOX_GEOMETRY,E2_guideline_gap,P2,guideline,R02,Box Car meo ria kinh IoU=0.61 ca L R M deu ve,keep_with_reason,v1.0.0,
r1_craft,B4-edge,adasind_258420.jpg,R2+M2,RM_noL,MISSING,E1_annotator_error,P1,annotator,R01,Bike H=45px o vung edge bi bo sot,rework,v1.0.0,
r1_craft,B4-edge,adasind_310008.jpg,M3,M_only,MISSING,E5_unresolved,P2,qa,R01,Model phat hien Pedestrian H=41px L va R khong co,escalate,v1.0.0,
r2_qa,B4-edge,adasind_236370.jpg,L1,L_only,ATTRIBUTE,,,,R05,truncated=false nhung box cham lens_border,,v1.0.0,
r2_qa,B4-edge,adasind_258420.jpg,L2,L_only,IGNORE_SCOPE,,,,R07,ego_body polygon khong bao phu het nap ca po,,v1.0.0,
r2_qa,B4-edge,adasind_310008.jpg,L3,L_only,BOX_GEOMETRY,,,,R02,Box Bike keo dai sang vung bi che,,v1.0.0,
r3_diag,B4-edge,adasind_236370.jpg,L1+R1+M1,LRM,BOX_GEOMETRY,E4_model_domain,P2,ai_team,R02,IoU=0.58 tai vung edge model train anh thang,keep_with_reason,v1.0.0,
r3_diag,B4-edge,adasind_258420.jpg,L2+M2,LM_noR,SPURIOUS,E0_reference_defect,P1,data_ops,R01,Car H=47px mid L va M co R khong co,escalate,v1.0.0,
r3_diag,B4-edge,adasind_310008.jpg,M3,M_only,MISSING,E5_unresolved,P2,qa,R01,Model phat hien box center L va R khong ve,escalate,v1.0.0,
r3_diag,B4-edge,adasind_236370.jpg,R3+M3,RM_noL,MISSING,E1_annotator_error,P0,annotator,R01,Truck H=88px center R va M thay L bo sot,rework,v1.0.0,
r3_diag,B4-edge,adasind_258420.jpg,M4,M_only,MISSING,E4_model_domain,P3,ai_team,R01,Model phat hien ThreeWheeler H=43px ria co the FP,keep_with_reason,v1.0.0,
r3_diag,B4-edge,adasind_310008.jpg,L4+R4+M4,LRM,ATTRIBUTE,E2_guideline_gap,P2,guideline,R05,truncated vs occluded L R M co nhung attribute khac,keep_with_reason,v1.0.0,
